{"cameraMode":{"drawMode":0,"name":"Shaded","section":"Shading Mode"},"sceneLighting":true,"audioPlay":false,"sceneViewState":{"m_AlwaysRefresh":false,"showFog":true,"showSkybox":true,"showFlares":true,"showImageEffects":true,"showParticleSystems":true,"showVisualEffectGraphs":true,"m_FxEnabled":true},"in2DMode":false,"pivot":{"x":0.428058922290802,"y":-0.9074640274047852,"z":-2.1229145526885988},"rotation":{"x":-0.2554451823234558,"y":-0.0037723341956734659,"z":0.0009984622010961176,"w":-0.9668181538581848},"size":24.7747802734375,"orthographic":false}