{"cameraMode":{"drawMode":0,"name":"Shaded","section":"Shading Mode"},"sceneLighting":true,"audioPlay":false,"sceneViewState":{"m_AlwaysRefresh":false,"showFog":true,"showSkybox":true,"showFlares":true,"showImageEffects":true,"showParticleSystems":true,"showVisualEffectGraphs":true,"m_FxEnabled":true},"in2DMode":false,"pivot":{"x":1.2306655645370484,"y":5.513301849365234,"z":-3.5247461795806886},"rotation":{"x":-0.12745505571365357,"y":-0.011309017427265644,"z":0.0014575516106560827,"w":-0.9917901158332825},"size":25.69940948486328,"orthographic":false}